{
    "bindings": [
        {
            "font": "{32fd9b49-eab7-4887-943c-3d1b1229d01d}",
            "language": "{27e4cdac-25ad-4c2f-b488-0bd9291212fe}",
            "string": "{12389c40-ba9e-404d-859b-79ce5681a0d7}"
        },
        {
            "font": "{32fd9b49-eab7-4887-943c-3d1b1229d01d}",
            "language": "{27e4cdac-25ad-4c2f-b488-0bd9291212fe}",
            "string": "{429f5c3a-777a-4129-a5d2-f9ff1c1b777b}"
        },
        {
            "font": "{8909ba18-7491-4fa5-aeba-b07806603346}",
            "language": "{27e4cdac-25ad-4c2f-b488-0bd9291212fe}",
            "string": "{06c0577b-321f-42df-bfbf-cdc83e194c5a}"
        },
        {
            "font": "{b5e2ecfe-68cf-4796-aacd-667fe972798b}",
            "language": "{27e4cdac-25ad-4c2f-b488-0bd9291212fe}",
            "string": "{1c8d5e8c-bd55-4a8e-b653-4465a25f0dc6}"
        },
        {
            "font": "{b5e2ecfe-68cf-4796-aacd-667fe972798b}",
            "language": "{27e4cdac-25ad-4c2f-b488-0bd9291212fe}",
            "string": "{243d5bed-0eb1-47fd-97f0-de41d2d910a0}"
        },
        {
            "font": "{0339651c-3952-4e96-bb63-3f5612940fe2}",
            "language": "{27e4cdac-25ad-4c2f-b488-0bd9291212fe}",
            "string": "{329486a1-4fc0-4aed-8ad1-0bc523f5214b}"
        },
        {
            "font": "{b5e2ecfe-68cf-4796-aacd-667fe972798b}",
            "language": "{27e4cdac-25ad-4c2f-b488-0bd9291212fe}",
            "string": "{41a690e7-eded-4d25-8e35-17bd52ca8879}"
        },
        {
            "font": "{b5e2ecfe-68cf-4796-aacd-667fe972798b}",
            "language": "{27e4cdac-25ad-4c2f-b488-0bd9291212fe}",
            "string": "{485e7937-a17f-4513-8441-4e33d0152894}"
        },
        {
            "font": "{b5e2ecfe-68cf-4796-aacd-667fe972798b}",
            "language": "{27e4cdac-25ad-4c2f-b488-0bd9291212fe}",
            "string": "{59d29f01-cc76-47b7-8e02-0f2fc665794a}"
        },
        {
            "font": "{0339651c-3952-4e96-bb63-3f5612940fe2}",
            "language": "{27e4cdac-25ad-4c2f-b488-0bd9291212fe}",
            "string": "{5d48dcbb-563a-4f43-a21c-592f3591d2f3}"
        },
        {
            "font": "{b5e2ecfe-68cf-4796-aacd-667fe972798b}",
            "language": "{27e4cdac-25ad-4c2f-b488-0bd9291212fe}",
            "string": "{65d42930-808c-476a-8e5c-9cdcb5a35208}"
        },
        {
            "font": "{0a6b1cb3-a6bf-401a-90dd-34dff3153815}",
            "language": "{27e4cdac-25ad-4c2f-b488-0bd9291212fe}",
            "string": "{67bbb7f0-8ce0-4baa-9b13-1b322e116a1b}"
        },
        {
            "font": "{b5e2ecfe-68cf-4796-aacd-667fe972798b}",
            "language": "{27e4cdac-25ad-4c2f-b488-0bd9291212fe}",
            "string": "{6d49276b-c94e-4c66-8277-0153dab9156e}"
        },
        {
            "font": "{32fd9b49-eab7-4887-943c-3d1b1229d01d}",
            "language": "{27e4cdac-25ad-4c2f-b488-0bd9291212fe}",
            "string": "{724a71d7-9129-4075-a3a9-c6eaa8a83511}"
        },
        {
            "font": "{0339651c-3952-4e96-bb63-3f5612940fe2}",
            "language": "{27e4cdac-25ad-4c2f-b488-0bd9291212fe}",
            "string": "{7b0125c4-f154-42bb-b787-5ccceb8b9418}"
        },
        {
            "font": "{32fd9b49-eab7-4887-943c-3d1b1229d01d}",
            "language": "{27e4cdac-25ad-4c2f-b488-0bd9291212fe}",
            "string": "{82d85e6c-e85c-4309-8258-11ea4c84dffd}"
        },
        {
            "font": "{b5e2ecfe-68cf-4796-aacd-667fe972798b}",
            "language": "{27e4cdac-25ad-4c2f-b488-0bd9291212fe}",
            "string": "{8d6b46d8-2ebd-4307-ac81-816d22970460}"
        },
        {
            "font": "{32fd9b49-eab7-4887-943c-3d1b1229d01d}",
            "language": "{27e4cdac-25ad-4c2f-b488-0bd9291212fe}",
            "string": "{8db1d581-227a-40cb-88fe-c93ecd222fa5}"
        },
        {
            "font": "{e06a9d0d-6658-44db-b8e6-c2736632cef3}",
            "language": "{27e4cdac-25ad-4c2f-b488-0bd9291212fe}",
            "string": "{8dbf9395-ab40-42a0-a75d-dbd47a5d522e}"
        },
        {
            "font": "{f516c273-982d-43bb-a214-ea75e05890f7}",
            "language": "{27e4cdac-25ad-4c2f-b488-0bd9291212fe}",
            "string": "{9135ccfc-dc58-4f7d-a72e-e3a6464a561f}"
        },
        {
            "font": "{8909ba18-7491-4fa5-aeba-b07806603346}",
            "language": "{27e4cdac-25ad-4c2f-b488-0bd9291212fe}",
            "string": "{a9203add-71e9-446e-ab41-4e6e8166b4f2}"
        },
        {
            "font": "{8909ba18-7491-4fa5-aeba-b07806603346}",
            "language": "{27e4cdac-25ad-4c2f-b488-0bd9291212fe}",
            "string": "{ad14ac09-49ef-4286-821f-e9bfea051ed6}"
        },
        {
            "font": "{b5e2ecfe-68cf-4796-aacd-667fe972798b}",
            "language": "{27e4cdac-25ad-4c2f-b488-0bd9291212fe}",
            "string": "{bcefc87a-5ecb-4cd8-a867-0121ba80b229}"
        },
        {
            "font": "{b5e2ecfe-68cf-4796-aacd-667fe972798b}",
            "language": "{27e4cdac-25ad-4c2f-b488-0bd9291212fe}",
            "string": "{c452302d-53b3-4109-afb1-e051b652a808}"
        },
        {
            "font": "{e8512721-1379-4159-951a-7e3a2b1fb644}",
            "language": "{27e4cdac-25ad-4c2f-b488-0bd9291212fe}",
            "string": "{c46deda4-8728-4979-94fa-7b91859024ae}"
        },
        {
            "font": "{8909ba18-7491-4fa5-aeba-b07806603346}",
            "language": "{27e4cdac-25ad-4c2f-b488-0bd9291212fe}",
            "string": "{c91bd244-78f2-43fe-931a-8b16eb1d9f7b}"
        },
        {
            "font": "{8909ba18-7491-4fa5-aeba-b07806603346}",
            "language": "{27e4cdac-25ad-4c2f-b488-0bd9291212fe}",
            "string": "{cfa235e1-5029-4c87-bf63-be1f62941aea}"
        },
        {
            "font": "{8909ba18-7491-4fa5-aeba-b07806603346}",
            "language": "{27e4cdac-25ad-4c2f-b488-0bd9291212fe}",
            "string": "{cfac1c74-7a58-4b9e-96d9-9e92064a5b93}"
        },
        {
            "font": "{32fd9b49-eab7-4887-943c-3d1b1229d01d}",
            "language": "{27e4cdac-25ad-4c2f-b488-0bd9291212fe}",
            "string": "{e9bd44f1-9793-40a1-908d-0a38e012ef88}"
        },
        {
            "font": "{e0ea511e-d416-4952-99ef-2ec77ae7bbd6}",
            "language": "{27e4cdac-25ad-4c2f-b488-0bd9291212fe}",
            "string": "{f4a0befe-0d0d-413f-ad70-8a8758544102}"
        }
    ],
    "defaultLanguage": "{27e4cdac-25ad-4c2f-b488-0bd9291212fe}",
    "encoding": "ASCII",
    "languages": [
        {
            "properties": {
                "__categories": [
                ],
                "__groups": [
                ],
                "enabled": {
                    "enabled": true,
                    "type": "boolean",
                    "value": true,
                    "visible": true
                },
                "id": {
                    "enabled": true,
                    "type": "uuid",
                    "value": "{27e4cdac-25ad-4c2f-b488-0bd9291212fe}",
                    "visible": true
                },
                "name": {
                    "enabled": true,
                    "type": "text",
                    "value": "default",
                    "visible": true
                }
            }
        }
    ],
    "paths": [
    ],
    "strings": [
        {
            "properties": {
                "__categories": [
                ],
                "__groups": [
                ],
                "description": {
                    "enabled": true,
                    "type": "text",
                    "value": "",
                    "visible": true
                },
                "id": {
                    "enabled": true,
                    "type": "uuid",
                    "value": "{06c0577b-321f-42df-bfbf-cdc83e194c5a}",
                    "visible": true
                },
                "name": {
                    "enabled": true,
                    "type": "text",
                    "value": "Previous",
                    "visible": true
                },
                "path": {
                    "enabled": true,
                    "type": "text",
                    "value": "/",
                    "visible": true
                }
            },
            "values": [
                {
                    "language": "{27e4cdac-25ad-4c2f-b488-0bd9291212fe}",
                    "value": "<"
                }
            ]
        },
        {
            "properties": {
                "__categories": [
                ],
                "__groups": [
                ],
                "description": {
                    "enabled": true,
                    "type": "text",
                    "value": "",
                    "visible": true
                },
                "id": {
                    "enabled": true,
                    "type": "uuid",
                    "value": "{12389c40-ba9e-404d-859b-79ce5681a0d7}",
                    "visible": true
                },
                "name": {
                    "enabled": true,
                    "type": "text",
                    "value": "Size",
                    "visible": true
                },
                "path": {
                    "enabled": true,
                    "type": "text",
                    "value": "/",
                    "visible": true
                }
            },
            "values": [
                {
                    "language": "{27e4cdac-25ad-4c2f-b488-0bd9291212fe}",
                    "value": "Size:"
                }
            ]
        },
        {
            "properties": {
                "__categories": [
                ],
                "__groups": [
                ],
                "description": {
                    "enabled": true,
                    "type": "text",
                    "value": "",
                    "visible": true
                },
                "id": {
                    "enabled": true,
                    "type": "uuid",
                    "value": "{1c8d5e8c-bd55-4a8e-b653-4465a25f0dc6}",
                    "visible": true
                },
                "name": {
                    "enabled": true,
                    "type": "text",
                    "value": "FPS",
                    "visible": true
                },
                "path": {
                    "enabled": true,
                    "type": "text",
                    "value": "/",
                    "visible": true
                }
            },
            "values": [
                {
                    "language": "{27e4cdac-25ad-4c2f-b488-0bd9291212fe}",
                    "value": "Frame Update (Hz)"
                }
            ]
        },
        {
            "properties": {
                "__categories": [
                ],
                "__groups": [
                ],
                "description": {
                    "enabled": true,
                    "type": "text",
                    "value": "",
                    "visible": true
                },
                "id": {
                    "enabled": true,
                    "type": "uuid",
                    "value": "{243d5bed-0eb1-47fd-97f0-de41d2d910a0}",
                    "visible": true
                },
                "name": {
                    "enabled": true,
                    "type": "text",
                    "value": "PreProcessedBlit",
                    "visible": true
                },
                "path": {
                    "enabled": true,
                    "type": "text",
                    "value": "/",
                    "visible": true
                }
            },
            "values": [
                {
                    "language": "{27e4cdac-25ad-4c2f-b488-0bd9291212fe}",
                    "value": "Pre-processed"
                }
            ]
        },
        {
            "properties": {
                "__categories": [
                ],
                "__groups": [
                ],
                "description": {
                    "enabled": true,
                    "type": "text",
                    "value": "",
                    "visible": true
                },
                "id": {
                    "enabled": true,
                    "type": "uuid",
                    "value": "{329486a1-4fc0-4aed-8ad1-0bc523f5214b}",
                    "visible": true
                },
                "name": {
                    "enabled": true,
                    "type": "text",
                    "value": "ImageRendering",
                    "visible": true
                },
                "path": {
                    "enabled": true,
                    "type": "text",
                    "value": "/",
                    "visible": true
                }
            },
            "values": [
                {
                    "language": "{27e4cdac-25ad-4c2f-b488-0bd9291212fe}",
                    "value": "Image Rendering"
                }
            ]
        },
        {
            "properties": {
                "__categories": [
                ],
                "__groups": [
                ],
                "description": {
                    "enabled": true,
                    "type": "text",
                    "value": "",
                    "visible": true
                },
                "id": {
                    "enabled": true,
                    "type": "uuid",
                    "value": "{41a690e7-eded-4d25-8e35-17bd52ca8879}",
                    "visible": true
                },
                "name": {
                    "enabled": true,
                    "type": "text",
                    "value": "Next",
                    "visible": true
                },
                "path": {
                    "enabled": true,
                    "type": "text",
                    "value": "/",
                    "visible": true
                }
            },
            "values": [
                {
                    "language": "{27e4cdac-25ad-4c2f-b488-0bd9291212fe}",
                    "value": "Next"
                }
            ]
        },
        {
            "properties": {
                "__categories": [
                ],
                "__groups": [
                ],
                "description": {
                    "enabled": true,
                    "type": "text",
                    "value": "",
                    "visible": true
                },
                "id": {
                    "enabled": true,
                    "type": "uuid",
                    "value": "{429f5c3a-777a-4129-a5d2-f9ff1c1b777b}",
                    "visible": true
                },
                "name": {
                    "enabled": true,
                    "type": "text",
                    "value": "GPUOff",
                    "visible": true
                },
                "path": {
                    "enabled": true,
                    "type": "text",
                    "value": "/",
                    "visible": true
                }
            },
            "values": [
                {
                    "language": "{27e4cdac-25ad-4c2f-b488-0bd9291212fe}",
                    "value": "GPU Off"
                }
            ]
        },
        {
            "properties": {
                "__categories": [
                ],
                "__groups": [
                ],
                "description": {
                    "enabled": true,
                    "type": "text",
                    "value": "",
                    "visible": true
                },
                "id": {
                    "enabled": true,
                    "type": "uuid",
                    "value": "{485e7937-a17f-4513-8441-4e33d0152894}",
                    "visible": true
                },
                "name": {
                    "enabled": true,
                    "type": "text",
                    "value": "RefreshRate",
                    "visible": true
                },
                "path": {
                    "enabled": true,
                    "type": "text",
                    "value": "/",
                    "visible": true
                }
            },
            "values": [
                {
                    "language": "{27e4cdac-25ad-4c2f-b488-0bd9291212fe}",
                    "value": "Display Refresh (Hz):"
                }
            ]
        },
        {
            "properties": {
                "__categories": [
                ],
                "__groups": [
                ],
                "description": {
                    "enabled": true,
                    "type": "text",
                    "value": "",
                    "visible": true
                },
                "id": {
                    "enabled": true,
                    "type": "uuid",
                    "value": "{59d29f01-cc76-47b7-8e02-0f2fc665794a}",
                    "visible": true
                },
                "name": {
                    "enabled": true,
                    "type": "text",
                    "value": "Raw565",
                    "visible": true
                },
                "path": {
                    "enabled": true,
                    "type": "text",
                    "value": "/",
                    "visible": true
                }
            },
            "values": [
                {
                    "language": "{27e4cdac-25ad-4c2f-b488-0bd9291212fe}",
                    "value": "Raw 32bit"
                }
            ]
        },
        {
            "properties": {
                "__categories": [
                ],
                "__groups": [
                ],
                "description": {
                    "enabled": true,
                    "type": "text",
                    "value": "",
                    "visible": true
                },
                "id": {
                    "enabled": true,
                    "type": "uuid",
                    "value": "{5d48dcbb-563a-4f43-a21c-592f3591d2f3}",
                    "visible": true
                },
                "name": {
                    "enabled": true,
                    "type": "text",
                    "value": "MotionUpdates",
                    "visible": true
                },
                "path": {
                    "enabled": true,
                    "type": "text",
                    "value": "/",
                    "visible": true
                }
            },
            "values": [
                {
                    "language": "{27e4cdac-25ad-4c2f-b488-0bd9291212fe}",
                    "value": "Motion Fill"
                }
            ]
        },
        {
            "properties": {
                "__categories": [
                ],
                "__groups": [
                ],
                "description": {
                    "enabled": true,
                    "type": "text",
                    "value": "",
                    "visible": true
                },
                "id": {
                    "enabled": true,
                    "type": "uuid",
                    "value": "{65d42930-808c-476a-8e5c-9cdcb5a35208}",
                    "visible": true
                },
                "name": {
                    "enabled": true,
                    "type": "text",
                    "value": "RawRLE565",
                    "visible": true
                },
                "path": {
                    "enabled": true,
                    "type": "text",
                    "value": "/",
                    "visible": true
                }
            },
            "values": [
                {
                    "language": "{27e4cdac-25ad-4c2f-b488-0bd9291212fe}",
                    "value": "Raw RLE 32bit"
                }
            ]
        },
        {
            "properties": {
                "__categories": [
                ],
                "__groups": [
                ],
                "description": {
                    "enabled": true,
                    "type": "text",
                    "value": "",
                    "visible": true
                },
                "id": {
                    "enabled": true,
                    "type": "uuid",
                    "value": "{67bbb7f0-8ce0-4baa-9b13-1b322e116a1b}",
                    "visible": true
                },
                "name": {
                    "enabled": true,
                    "type": "text",
                    "value": "NumsSmall",
                    "visible": true
                },
                "path": {
                    "enabled": true,
                    "type": "text",
                    "value": "/",
                    "visible": true
                }
            },
            "values": [
                {
                    "language": "{27e4cdac-25ad-4c2f-b488-0bd9291212fe}",
                    "value": "0123456789"
                }
            ]
        },
        {
            "properties": {
                "__categories": [
                ],
                "__groups": [
                ],
                "description": {
                    "enabled": true,
                    "type": "text",
                    "value": "",
                    "visible": true
                },
                "id": {
                    "enabled": true,
                    "type": "uuid",
                    "value": "{6d49276b-c94e-4c66-8277-0153dab9156e}",
                    "visible": true
                },
                "name": {
                    "enabled": true,
                    "type": "text",
                    "value": "JPG24Bit",
                    "visible": true
                },
                "path": {
                    "enabled": true,
                    "type": "text",
                    "value": "/",
                    "visible": true
                }
            },
            "values": [
                {
                    "language": "{27e4cdac-25ad-4c2f-b488-0bd9291212fe}",
                    "value": "JPG (24-bit)"
                }
            ]
        },
        {
            "properties": {
                "__categories": [
                ],
                "__groups": [
                ],
                "description": {
                    "enabled": true,
                    "type": "text",
                    "value": "",
                    "visible": true
                },
                "id": {
                    "enabled": true,
                    "type": "uuid",
                    "value": "{724a71d7-9129-4075-a3a9-c6eaa8a83511}",
                    "visible": true
                },
                "name": {
                    "enabled": true,
                    "type": "text",
                    "value": "RectanglesNum",
                    "visible": true
                },
                "path": {
                    "enabled": true,
                    "type": "text",
                    "value": "/",
                    "visible": true
                }
            },
            "values": [
                {
                    "language": "{27e4cdac-25ad-4c2f-b488-0bd9291212fe}",
                    "value": "Num:"
                }
            ]
        },
        {
            "properties": {
                "__categories": [
                ],
                "__groups": [
                ],
                "description": {
                    "enabled": true,
                    "type": "text",
                    "value": "",
                    "visible": true
                },
                "id": {
                    "enabled": true,
                    "type": "uuid",
                    "value": "{7b0125c4-f154-42bb-b787-5ccceb8b9418}",
                    "visible": true
                },
                "name": {
                    "enabled": true,
                    "type": "text",
                    "value": "DynamicString",
                    "visible": true
                },
                "path": {
                    "enabled": true,
                    "type": "text",
                    "value": "/",
                    "visible": true
                }
            },
            "values": [
                {
                    "language": "{27e4cdac-25ad-4c2f-b488-0bd9291212fe}",
                    "value": "String Updates"
                }
            ]
        },
        {
            "properties": {
                "__categories": [
                ],
                "__groups": [
                ],
                "description": {
                    "enabled": true,
                    "type": "text",
                    "value": "",
                    "visible": true
                },
                "id": {
                    "enabled": true,
                    "type": "uuid",
                    "value": "{82d85e6c-e85c-4309-8258-11ea4c84dffd}",
                    "visible": true
                },
                "name": {
                    "enabled": true,
                    "type": "text",
                    "value": "GPUOn",
                    "visible": true
                },
                "path": {
                    "enabled": true,
                    "type": "text",
                    "value": "/",
                    "visible": true
                }
            },
            "values": [
                {
                    "language": "{27e4cdac-25ad-4c2f-b488-0bd9291212fe}",
                    "value": "GPU On"
                }
            ]
        },
        {
            "properties": {
                "__categories": [
                ],
                "__groups": [
                ],
                "description": {
                    "enabled": true,
                    "type": "text",
                    "value": "",
                    "visible": true
                },
                "id": {
                    "enabled": true,
                    "type": "uuid",
                    "value": "{8d6b46d8-2ebd-4307-ac81-816d22970460}",
                    "visible": true
                },
                "name": {
                    "enabled": true,
                    "type": "text",
                    "value": "Fullscreen",
                    "visible": true
                },
                "path": {
                    "enabled": true,
                    "type": "text",
                    "value": "/",
                    "visible": true
                }
            },
            "values": [
                {
                    "language": "{27e4cdac-25ad-4c2f-b488-0bd9291212fe}",
                    "value": "FullScreen"
                }
            ]
        },
        {
            "properties": {
                "__categories": [
                ],
                "__groups": [
                ],
                "description": {
                    "enabled": true,
                    "type": "text",
                    "value": "",
                    "visible": true
                },
                "id": {
                    "enabled": true,
                    "type": "uuid",
                    "value": "{8db1d581-227a-40cb-88fe-c93ecd222fa5}",
                    "visible": true
                },
                "name": {
                    "enabled": true,
                    "type": "text",
                    "value": "StringSize",
                    "visible": true
                },
                "path": {
                    "enabled": true,
                    "type": "text",
                    "value": "/",
                    "visible": true
                }
            },
            "values": [
                {
                    "language": "{27e4cdac-25ad-4c2f-b488-0bd9291212fe}",
                    "value": "String Index:"
                }
            ]
        },
        {
            "properties": {
                "__categories": [
                ],
                "__groups": [
                ],
                "description": {
                    "enabled": true,
                    "type": "text",
                    "value": "",
                    "visible": true
                },
                "id": {
                    "enabled": true,
                    "type": "uuid",
                    "value": "{8dbf9395-ab40-42a0-a75d-dbd47a5d522e}",
                    "visible": true
                },
                "name": {
                    "enabled": true,
                    "type": "text",
                    "value": "ave",
                    "visible": true
                },
                "path": {
                    "enabled": true,
                    "type": "text",
                    "value": "/",
                    "visible": true
                }
            },
            "values": [
                {
                    "language": "{27e4cdac-25ad-4c2f-b488-0bd9291212fe}",
                    "value": "a"
                }
            ]
        },
        {
            "properties": {
                "__categories": [
                ],
                "__groups": [
                ],
                "description": {
                    "enabled": true,
                    "type": "text",
                    "value": "",
                    "visible": true
                },
                "id": {
                    "enabled": true,
                    "type": "uuid",
                    "value": "{9135ccfc-dc58-4f7d-a72e-e3a6464a561f}",
                    "visible": true
                },
                "name": {
                    "enabled": true,
                    "type": "text",
                    "value": "NumsLittle",
                    "visible": true
                },
                "path": {
                    "enabled": true,
                    "type": "text",
                    "value": "/",
                    "visible": true
                }
            },
            "values": [
                {
                    "language": "{27e4cdac-25ad-4c2f-b488-0bd9291212fe}",
                    "value": "0123456789 avgcurr-"
                }
            ]
        },
        {
            "properties": {
                "__categories": [
                ],
                "__groups": [
                ],
                "description": {
                    "enabled": true,
                    "type": "text",
                    "value": "",
                    "visible": true
                },
                "id": {
                    "enabled": true,
                    "type": "uuid",
                    "value": "{a9203add-71e9-446e-ab41-4e6e8166b4f2}",
                    "visible": true
                },
                "name": {
                    "enabled": true,
                    "type": "text",
                    "value": "FPSCountString",
                    "visible": true
                },
                "path": {
                    "enabled": true,
                    "type": "text",
                    "value": "/",
                    "visible": true
                }
            },
            "values": [
                {
                    "language": "{27e4cdac-25ad-4c2f-b488-0bd9291212fe}",
                    "value": "9876543210"
                }
            ]
        },
        {
            "properties": {
                "__categories": [
                ],
                "__groups": [
                ],
                "description": {
                    "enabled": true,
                    "type": "text",
                    "value": "",
                    "visible": true
                },
                "id": {
                    "enabled": true,
                    "type": "uuid",
                    "value": "{ad14ac09-49ef-4286-821f-e9bfea051ed6}",
                    "visible": true
                },
                "name": {
                    "enabled": true,
                    "type": "text",
                    "value": "Minus",
                    "visible": true
                },
                "path": {
                    "enabled": true,
                    "type": "text",
                    "value": "/",
                    "visible": true
                }
            },
            "values": [
                {
                    "language": "{27e4cdac-25ad-4c2f-b488-0bd9291212fe}",
                    "value": "-"
                }
            ]
        },
        {
            "properties": {
                "__categories": [
                ],
                "__groups": [
                ],
                "description": {
                    "enabled": true,
                    "type": "text",
                    "value": "",
                    "visible": true
                },
                "id": {
                    "enabled": true,
                    "type": "uuid",
                    "value": "{bcefc87a-5ecb-4cd8-a867-0121ba80b229}",
                    "visible": true
                },
                "name": {
                    "enabled": true,
                    "type": "text",
                    "value": "PNG8888",
                    "visible": true
                },
                "path": {
                    "enabled": true,
                    "type": "text",
                    "value": "/",
                    "visible": true
                }
            },
            "values": [
                {
                    "language": "{27e4cdac-25ad-4c2f-b488-0bd9291212fe}",
                    "value": "PNG8888"
                }
            ]
        },
        {
            "properties": {
                "__categories": [
                ],
                "__groups": [
                ],
                "description": {
                    "enabled": true,
                    "type": "text",
                    "value": "",
                    "visible": true
                },
                "id": {
                    "enabled": true,
                    "type": "uuid",
                    "value": "{c452302d-53b3-4109-afb1-e051b652a808}",
                    "visible": true
                },
                "name": {
                    "enabled": true,
                    "type": "text",
                    "value": "NumsTiny",
                    "visible": true
                },
                "path": {
                    "enabled": true,
                    "type": "text",
                    "value": "/",
                    "visible": true
                }
            },
            "values": [
                {
                    "language": "{27e4cdac-25ad-4c2f-b488-0bd9291212fe}",
                    "value": "0123456789x"
                }
            ]
        },
        {
            "properties": {
                "__categories": [
                ],
                "__groups": [
                ],
                "description": {
                    "enabled": true,
                    "type": "text",
                    "value": "",
                    "visible": true
                },
                "id": {
                    "enabled": true,
                    "type": "uuid",
                    "value": "{c46deda4-8728-4979-94fa-7b91859024ae}",
                    "visible": true
                },
                "name": {
                    "enabled": true,
                    "type": "text",
                    "value": "NumsMed",
                    "visible": true
                },
                "path": {
                    "enabled": true,
                    "type": "text",
                    "value": "/",
                    "visible": true
                }
            },
            "values": [
                {
                    "language": "{27e4cdac-25ad-4c2f-b488-0bd9291212fe}",
                    "value": "0123456789"
                }
            ]
        },
        {
            "properties": {
                "__categories": [
                ],
                "__groups": [
                ],
                "description": {
                    "enabled": true,
                    "type": "text",
                    "value": "",
                    "visible": true
                },
                "id": {
                    "enabled": true,
                    "type": "uuid",
                    "value": "{c91bd244-78f2-43fe-931a-8b16eb1d9f7b}",
                    "visible": true
                },
                "name": {
                    "enabled": true,
                    "type": "text",
                    "value": "NextSymbol",
                    "visible": true
                },
                "path": {
                    "enabled": true,
                    "type": "text",
                    "value": "/",
                    "visible": true
                }
            },
            "values": [
                {
                    "language": "{27e4cdac-25ad-4c2f-b488-0bd9291212fe}",
                    "value": ">"
                }
            ]
        },
        {
            "properties": {
                "__categories": [
                ],
                "__groups": [
                ],
                "description": {
                    "enabled": true,
                    "type": "text",
                    "value": "",
                    "visible": true
                },
                "id": {
                    "enabled": true,
                    "type": "uuid",
                    "value": "{cfa235e1-5029-4c87-bf63-be1f62941aea}",
                    "visible": true
                },
                "name": {
                    "enabled": true,
                    "type": "text",
                    "value": "Plus",
                    "visible": true
                },
                "path": {
                    "enabled": true,
                    "type": "text",
                    "value": "/",
                    "visible": true
                }
            },
            "values": [
                {
                    "language": "{27e4cdac-25ad-4c2f-b488-0bd9291212fe}",
                    "value": "+"
                }
            ]
        },
        {
            "properties": {
                "__categories": [
                ],
                "__groups": [
                ],
                "description": {
                    "enabled": true,
                    "type": "text",
                    "value": "",
                    "visible": true
                },
                "id": {
                    "enabled": true,
                    "type": "uuid",
                    "value": "{cfac1c74-7a58-4b9e-96d9-9e92064a5b93}",
                    "visible": true
                },
                "name": {
                    "enabled": true,
                    "type": "text",
                    "value": "RefreshRateCount",
                    "visible": true
                },
                "path": {
                    "enabled": true,
                    "type": "text",
                    "value": "/",
                    "visible": true
                }
            },
            "values": [
                {
                    "language": "{27e4cdac-25ad-4c2f-b488-0bd9291212fe}",
                    "value": "7890123456"
                }
            ]
        },
        {
            "properties": {
                "__categories": [
                ],
                "__groups": [
                ],
                "description": {
                    "enabled": true,
                    "type": "text",
                    "value": "",
                    "visible": true
                },
                "id": {
                    "enabled": true,
                    "type": "uuid",
                    "value": "{e9bd44f1-9793-40a1-908d-0a38e012ef88}",
                    "visible": true
                },
                "name": {
                    "enabled": true,
                    "type": "text",
                    "value": "ImageType",
                    "visible": true
                },
                "path": {
                    "enabled": true,
                    "type": "text",
                    "value": "/",
                    "visible": true
                }
            },
            "values": [
                {
                    "language": "{27e4cdac-25ad-4c2f-b488-0bd9291212fe}",
                    "value": "Type:"
                }
            ]
        },
        {
            "properties": {
                "__categories": [
                ],
                "__groups": [
                ],
                "description": {
                    "enabled": true,
                    "type": "text",
                    "value": "",
                    "visible": true
                },
                "id": {
                    "enabled": true,
                    "type": "uuid",
                    "value": "{f4a0befe-0d0d-413f-ad70-8a8758544102}",
                    "visible": true
                },
                "name": {
                    "enabled": true,
                    "type": "text",
                    "value": "NumsLarge",
                    "visible": true
                },
                "path": {
                    "enabled": true,
                    "type": "text",
                    "value": "/",
                    "visible": true
                }
            },
            "values": [
                {
                    "language": "{27e4cdac-25ad-4c2f-b488-0bd9291212fe}",
                    "value": "0123456789"
                }
            ]
        }
    ]
}
